
#DATOS MOLDEADOS

#persona
insert into persona(ci, nombres, apepaterno, apematerno, sexo, fecha_de_nacimiento, correo, telefono) values
(6992978, 'Jose Juan', 'Rodriguez', 'Lopez', 'M', '1999-01-13', 'joseju_13@gmail.com', 73456077),
(5213161, 'Paulina', 'Torrelli', 'Salinas', 'F', '1996-02-29', 'paulis@gmail.com', 74846543),
(7212511, 'Christopher', 'Caronta', 'Flores', 'M', '1994-03-28', 'christ_caronta@gmail.com', 79462131),
(4132111, 'Nikita', 'Solares', 'Cruz', 'F', '1992-04-22', 'nikitasol7@gmail.com', 69977092),
(8216513, 'Joey', 'Jay', 'Jones', 'M', '1985-04-28', 'joey_j@gmail.com', 71932231),
(9391984, 'Jaime', 'Cruz', 'Justino', 'M', '2002-05-22', 'jaimitocruz@gmail.com', 76767678),
(8992179, 'Micaela', 'Kunta', 'Loza', 'F', '2000-05-26', 'mica_kunta@gmail.com', 78768773),
(9110555, 'Dilan', 'Romero', 'Lozano', 'M', '2003-07-16', 'dilan_r@gmail.com', 76167273),
(5601297, 'Juan Carlos', 'Perez', 'Lopez', 'M', '1996-03-03', 'aike_003@gmail.com', 77700077),
(4020507, 'Paola', 'Tito', '', 'F', '1998-05-20', 'paola.andrea@gmail.com', 63423571),
(1328114, 'Cristian', 'Cachi', 'Paucara', 'M', '1999-08-19', 'cris_icp@gmail.com', 79865111),
(6304896, 'Ninoska', 'Flores', 'Cruz', 'F', '1997-12-12', 'nino_oo7@gmail.com', 62398098),
(8211162, 'Marcia', 'Calle', 'Perez', 'F', '2000-03-03', 'marcia.street@gmail.com', 77700078),
(9321113, 'Estefani Micaela', 'Nina', 'Cori', 'F', '1996-11-22', 'emnc_1122@gmail.com', 79735459),
(4122122, 'Fernanda', 'Gomez', 'Rodriguez', 'F', '1990-08-15', 'fergom_89@gmail.com', 69820148),
(2122121, 'Luis Alberto', 'Gonzalez', 'Hernandez', 'M', '1985-05-20', 'luis_123@gmail.com', 70264031),
(4520158, 'Ana', 'Martinez', 'Perez', 'F', '1992-11-30', 'ana_456@gmail.com', 66666666),
(1321112, 'Eduardo', 'Lopez', 'Ramirez', 'M', '1980-02-10', 'edulo_789@gmail.com', 60497750),
(2211161, 'Pedro', 'Sánchez', 'Mendoza', 'M', '1997-03-15', 'pedro.sanchez@gmail.com', 73246589),
(1597002, 'Emily', 'Smith', 'Williams', 'F', '1990-12-07', 'emily.smith@gmail.com', 74512389),
(4021781, 'Javier', 'González', 'Rojas', 'M', '1999-02-25', 'javier.gonzalez@gmail.com', 71659832),
(9114566, 'Sheyla', 'Perez', 'Copa', 'F', '1998-06-22', 'sheyla@gmail.com', 72837457),
(9111112, 'Ruth', 'Usnayo', 'Valdez', 'F', '2001-10-01', 'Ruth121@gmail.com', 78364525),
(6962120, 'Amira', 'Perez', 'Mayta', 'F', '200-05-20', 'Perezamira123@gmail.com', 77785764),
(8823456, 'Ariel', 'Camacho', 'Ruiz', 'M', '1985-10-06', 'Aricamacho76@gmail.com', 76494375),
(8232343, 'Laura', 'Lopez', 'Gonzalez', 'F', '2000-09-05', 'laura@gmail.com', '77788899'),
(4984222, 'Alejandra', 'Cortez', 'Suarez', 'F', '1992-03-20', 'alejandra@yahoo.com', 55544433),
(2579301, 'Andres', 'Gomez', 'Rodriguez', 'M', '1998-08-01', 'andres@outlook.com', 88899900),
(4601297, 'Karla', 'García', 'Mendoza', 'F', '1993-12-08', 'karla@gmail.com', 78945632),
(5291354, 'Javier', 'Martinez', 'Gutierrez', 'M', '1997-05-15', 'javier@hotmail.com', 66995588),
(3991899, 'Verónica', 'Lopez', 'Hernandez', 'F', '1988-09-21', 'veronica@yahoo.com', 55511100),
(4215512, 'Alejandro', 'Perez', 'Sanchez', 'M', '2001-03-25', 'alejandro@outlook.com', 77722233),
(3326514, 'Hans Gelmer', 'Huanaco', 'Caceres', 'M', '2002-10-17', 'gelmi86@gmail.com', 60001178),
(4132112, 'Erika Cecilia', 'Averanga', 'Ali', 'F', '2000-06-10', 'ceci16@gmail.com', 68095331),
(3045707, 'Valerio Vidal', 'Ramos', 'Uyuli', 'M', '1998-12-25', 'valvid45@gmail.com', 72549833),
(2321113, 'Carlos Lorenzo', 'Ayare', 'Orellana', 'M', '1999-09-09', 'carloren123gmail.com', 74829116),
(2536993, 'Carmen Rosa', 'Lizarazu', 'Padilla', 'F', '1997-01-24', 'rosita456@gmail.com', 68099426),
(2664223, 'Nilo Justiniano', 'Suxo', 'Nina', 'M', '1999-11-03', 'justinil888@gmail.com', 71244212),
(2415428, 'Fernando', 'Paucara', 'Perez', 'M', '1998-03-19', 'pepefer@gmail.com', 78644561),
(2567457, 'Lourdes Diana', 'Mendez', 'Duran', 'F', '2001-01-16', 'lulidi1@gmail.com', 67430101),
(9876540, 'Marcio Adrian', 'Flores', 'Medrano', 'M', '2000-07-30', 'marcioadri@gmail.com', 72354891),
(5555556, 'Kamila Grisly', 'Zeballos', 'Lujan', 'F', '2001-03-11', 'griskm@gmail.com', 72070538),
(8888888, 'Ron ', 'Gomez', 'Vera', 'M', '2002-01-05', 'ronpana@gmail.com', 75894682),
(1234568, 'Monica', 'Montecinos', 'MOrales', 'F', '1997-12-16', 'monicabest2@gmail.com', 68952314);


#proveedor
insert into proveedor(id_Proveedor, nombreEmpresa, telefono, correo) values
(600, 'Animales a salvo', 76666557, 'animalesasalvo@gmail.com'),
(601, 'GatosDioses', 64443321, 'administracion@gatosdioses.es'),
(602, 'Patitas', 68912191, 'patitas@gmail.com'),
(603, 'ProtectoraRoedores', 22283347, 'protectora_roedores@gmail.com'),
(604, 'Cats and Dogs', 71230114, 'catsanddogs@hotmail.com'),
(605, 'Petnatura de sanidad animal', 75678987, 'petnatura_animal@gmail.com'),
(606, 'moly', 67186814, 'administracion@moly.es'),
(607, 'AnimalMax', 67186814, ''),
(608, 'Nupi3', 2738987, 'nupie3_distribuidora@nupie3.com'),
(609, 'NutyPet', 77989814, 'producto_para_mascota@nutypet.com'),
(610, 'Animal Pet', 60201048, 'anipet_00@gmail.com'),
(611, 'Productos Verdes', 72543654, 'productos_verdes@gmail.com'),
(612, 'Productos sanos S.A.', 72221111, 'productos_sanos@gmail.com'),
(613, 'Semillas de Calidad', 73334444, 'semillas_calidad@gmail.com'),
(614, 'MascotasFelices', 76541234, 'masfelices@gmail.com'),
(615, 'Animals S.A.', 68982345, 'animalsa@gmail.com'),
(616, 'Canine', 71230987, 'canine@gmail.com');

#dueño
insert into dueño(ciDueño, direccion) values
(1328114, 'Av. Jaimes Freyre'),
(4132111, 'Av. 16 de Julio'),
(2122121, 'Av. Costanera'),
(1321112, 'Av. Arce'),
(2211161, 'Calle comercio #132'),
(9110555, 'Villa copacabana'),
(9114566, 'Av. America #123'),
(9111112, 'Av. Bolivar #100'),
(8823456, 'Calle 20 de octubre #22'),
(8232343, 'Calle sucre #3'),
(2579301, 'Mercedario 2 #15'),
(4520158, 'Av. Alfonso Ugarte #789'),
(4601297, 'Satelite #484'),
(1597002, '12 de Octubre #1245'), 
(3991899, 'Av. Arce'),
(4215512, 'Av. Brasil'),
(3326514, 'Av. 6 De Marzo'),
(4132112, 'Av. Costanera'),
(2321113, 'Av. Jaimes Freyre'),
(2536993, 'Avenida René Zabaleta #85'),
(2664223, 'Calle Jaén #500'),
(2415428, 'Calle Sagárnaga #315'),
(2567457, 'Avenida Illampu #765'),
(8888888, 'Calle 123 #456'),
(9876540, 'Av. Bolivar #567'),
(5555556, 'Calle Sucre #789'),
(8992179, 'Av. America #890'),
(1234568, 'Calle Comercio #1234'),
(4021781, 'Av. Arce #123'),
(6962120, 'Calle Paz Nery Nava #630'),
(4984222, 'Landaeta #432'),
(5291354, 'La Portada #555'),
(3045707, 'Calle 23 de Clacoto #776');


#medico
insert into medico(ciMedico, especialidad, sueldo) values
(6992978, 'Oncología Veterinaria', 4000),
(5213161, 'Cirugia Veterinaria', 6000),
(7212511, 'Radiologia Veterinaria', 6000),
(8216513, 'Medicina Interna', 5000),
(9391984, 'Oncología Veterinaria', 4000),
(9110555, 'Medicina Interna', 5000),
(5601297, 'Cirugia Veterinaria', 6000),
(4020507, 'Cardiología Veterinaria', 5200),
(6304896, 'Neurología Veterinaria', 5300),
(8211162, 'Medicina Interna', 5000),
(9321113, 'Cirugia Veterinaria', 6000),
(4122122, 'Medicina Interna', 4000);



#producto
insert into producto(id_Producto, nombre, descripcion, precio, stock) values
(500, 'Antiviral para gatos', 'Famciclovir', 70.99, 20),
(501, 'Pelota de goma', 'Pelota de goma para perros', 15.99, 15),
(502, 'Juguete de ratón', 'Juguete de peluche con sonido', 11.99, 75),
(503, 'Pasto para gatos', 'Semillas de trigo para plantar', 30.03, 10),
(504, 'Comida dietica para Perro', 'Royal Canin Veterinary Diet 3kg', 124.99, 6),
(505, 'Pastilla antiparasitos', 'Pastillas antiparasitarias para perros de la marca Bayer, 6 tabletas', 26.98, 70),
(506, 'Spray anti pulgas y garrapatas', 'Spray anti pulgas y garrapatas para perros de la marca Frontline, 100 ml', 35.99, 45),
(507, 'Gotas para el oído', 'Gotas para el oído para perros de la marca Zymox, 30 ml', 21.99, 85),
(508, 'Collar antipulgas y garrapatas', 'Collar antipulgas y garrapatas para perros de la marca Seresto, duración de 8 meses', 57.98, 30),
(509, 'Suplementos de glucosamina', 'Suplementos de glucosamina para perros de la marca Nutramax, 60 tabletas', 34.99, 80),
(510, 'Antiinflamatorio', 'Medicamento para reducir la inflamación', 25.99, 100),
(511, 'Analgésico', 'Medicamento para el alivio del dolor', 15.50, 150),
(512, 'Diurético', 'Medicamento para la insuficiencia cardíaca', 30.25, 75),
(513, 'Antiepiléptico', 'Medicamento para controlar las convulsiones', 35.75, 90),
(514, 'Monitor de Epilepsia', 'Dispositivo para monitoreo', 100.00, 20),
(515, 'Medicamento oncológico', 'Medicamento para el tratamiento del cáncer', 80.50, 30),
(516, 'Antiarrítmico', 'Medicamento para problemas de ritmo cardíaco', 28.25, 80),
(517, 'Medicamento para el dolor', 'Alivio del dolor para hernia de disco', 20.75, 70),
(518, 'Casa para conejos', 'Resistente', 50, 7),
(519, 'Rascador para Gato', 'Rascador resistente para gatos', 22.95, 18),
(520, 'Arnés para perros', 'Arnés ajustable para paseos cómodos', 19, 15),
(521, 'Arenero', 'Arenero reutilizable', 30.03, 10),
(522, 'Juguete de ratón', 'Juguete de peluche con sonido', 124.99, 6),
(523, 'Gotas Antibióticas', 'Oticas antibióticas para tratar la infección bacteriana en el oído de tu Gato', 45.67, 70),
(524, 'Analgesia', 'Aliviar el dolor y la incomodidad', 25.50, 150),
(525, 'Antihistamínicos', 'Ayuda a aliviar los síntomas alérgicos en perros', 23.45, 45),
(526, 'Antiinflamatorios no esteroides', 'Medicamentos como el carprofeno, el meloxicam o el firocoxib se utilizan para reducir la inflamación ', 27.50, 100),
(527, 'Medicamentos antiinflamatorios', 'Si los cristales están causando irritación o inflamación en el tracto urinario del Gato', 23.60, 50),
(528, 'Antibiótico', 'Medicamento antibiótico de amplio espectro', 15.99, 50),
(529, 'Antiinflamatorio', 'Medicamento para reducir la inflamación', 20.50, 40),
(530, 'Analgesia', 'Medicamento para el alivio del dolor', 12.75, 60),
(531, 'Vitaminas para Mascotas', 'Suplemento vitamínico para mascotas', 10.99, 75),
(532, 'Antiparasitario', 'Medicamento para el control de parásitos', 18.25, 30),
(533, 'EasOtic', 'Gotas para la otitits', 100, 5),
(534, 'Inflavet', 'Crema desinflamante', 40.99, 23),
(535, 'Famotidina', 'Pastillas para la gastritis', 2.50, 100),
(536, 'Proplan Bajo Calorias Optifi', 'Croquetas 50 kg', 150.03, 7),
(537, 'Tacrolimus', 'Crema para la dermatitis atopica', 239.99, 20),
(538, 'Gotas para el oído', 'Medicamento para tratar otitis', 15, 100),
(539, 'Crema desinflamante', 'Crema para tratar picaduras de insectos', 12.50, 75),
(540, 'Pastillas para la gastritis', 'Medicamento para tratar gastritis', 9, 50),
(541, 'Comida especial para dieta', 'Comida para perros con sobrepeso', 22, 30),
(542, 'Shampoo para mantos delicados', 'Shampoo para tratar dermatitis atópica', 8, 40),
(543, 'Suplemento mensual', 'Suplemento nutricional mensual', 30, 150),
(544, 'Sesión de fisioterapia', 'Sesión de fisioterapia para lesiones', 45, 20),
(545, 'Laxante', 'Laxante para animales', 150, 10),
(546, 'Antiacido ', 'Efectivo para mascotas', 5, 7),
(547, 'Desparasitador', 'Dar en dosis pequeñas cada 8 horas', 30, 20),
(548, 'Antirrabico', 'capsula antirrabica', 50, 30),
(549, 'insulina', 'Insulina para animales', 50, 30);



#diagnostico
insert into diagnostico(id_Diagnostico, fecha_de_diagnostico, diagnostico, tratamiento, observaciones) values
(200, '2023-02-14', 'Obesidad', 'Implementación de una dieta y programa de ejercicios', 'Cita de control en dos semanas'),
(201, '2023-03-13', 'Analisis', 'Extraccion de sangre', 'Los resultados seran entregados en 24 horas'),
(202, '2022-05-12', 'Resfriado', 'Tratamiento con antiviral', 'Dar medicamento dos veces al dia cada ocho horas'),
(203, '2022-06-17', 'Alergia', 'Se le dio antihistaminicos', 'El paciente volverá en una semana'),
(204, '2022-07-19', 'Dolor estomacal', 'Se le dio un laxante', 'El dueño debe observalo'),
(205, '2022-03-04', 'Obesidad', 'Implementación de una dieta y programa de ejercicios', 'El dueño debe monitorear el peso del paciente de manera regular'),
(206, '2022-03-03', 'Parasitosis', 'Tratamiento con antiparasitarios', 'El paciente debe volver en 1 mes para revisión'),
(207, '2022-03-02', 'Dermatitis alérgica', 'Tratamiento con antihistamínicos y cambio en la dieta', 'Se sugiere realizar pruebas de alergia para identificar el alérgeno'),
(208, '2022-03-07', 'Diabetes', 'Insulina y cambios en la dieta', 'El paciente necesita un seguimiento regular para controlar los niveles de azúcar en sangre'),
(209, '2022-03-09', 'Ansiedad', 'Terapia conductual, modificación del entorno y posiblemente medicación', 'El dueño debe seguir las pautas para minimizar el estrés del paciente'),
(210, '2023-02-14', 'Cirugía de ligamento cruzado roto', 'Cirugía de corrección y rehabilitación postoperatoria', 'Seguimiento postoperatorio en 6 semanas'),
(211, '2023-03-05', 'Insuficiencia Cardíaca Congestiva', 'Medicamentos para el corazón y cambio en la dieta', 'Ecocardiograma de seguimiento en un mes'),
(212, '2023-04-20', 'Epilepsia', 'Medicación antiepiléptica y monitoreo', 'Programar seguimiento en tres meses'),
(213, '2023-05-12', 'Tumor cerebral', 'Cirugía de extirpación y radioterapia', 'Seguimiento oncológico en 3 meses'),
(214, '2023-06-08', 'Arritmia cardíaca', 'Medicamentos antiarrítmicos y monitoreo del ritmo cardíaco', 'Revisión cardiológica en un mes'),
(215, '2023-07-17', 'Hernia de disco', 'Cirugía de columna y rehabilitación', 'Seguimiento neurológico en 8 semanas'),
(216, '2023-03-01', 'Infección en el oído derecho', 'Limpieza del oído y prescripción de antibióticos tópicos', 'Se instruye al propietario sobre la administración de medicamentos y la importancia de mantener el oído limpio y seco'),
(217, '2023-03-10', 'Alergia a las pulgas', 'Tratamiento antipulgas, medicamentos antihistamínicos y champú especial', 'Se aconseja al dueño sobre la prevención de pulgas y cuidados continuos de la piel'),
(218, '2023-04-15', 'Radiografía que revela una fractura en la pata trasera del Perro', 'Reducción de la fractura y colocación de un yeso', 'El propietario debe restringir la actividad del Perro durante la recuperación '),
(219, '2023-04-21', 'Análisis de orina muestra cristales en la orina del Gato', 'Cirugía de extirpación y radioterapia', 'Se recomienda una dieta específica y se programan chequeos regulares'),
(220, '2023-05-13', 'Alergia a las pulgas', 'Tratamiento antipulgas, medicamentos antihistamínicos y champú especial', 'Se aconseja al dueño sobre la prevención de pulgas y cuidados continuos de la piel'),
(221, '2023-08-10', 'Fractura de pata', 'Inmovilización y seguimiento radiográfico', 'Revisión en 6 semanas'),
(222, '2023-09-05', 'Infección de oído', 'Limpieza y tratamiento con antibióticos', 'Volver en 2 semanas para control'),
(223, '2023-10-12', 'Problemas gastrointestinales', 'Dieta especial y medicamentos', 'Revisión en 4 semanas'),
(224, '2023-11-15', 'Problemas dentales', 'Limpieza dental y extracción de dientes', 'Cuidado dental regular necesario'),
(225, '2023-09-21', 'Problemas de comportamiento', 'Entrenamiento y terapia conductual', 'Revisión en 8 semanas para evaluar el progreso'),
(226, '2023-05-23', 'Otitis', 'Se le recetaron unas gotas para el oido', 'Si no mejora en una semana revisar a profundidad'),
(227, '2023-09-21', 'Picadura de abeja', 'Se le receto una crema desinflamante', 'Si no baja la inflamacion en 24 hrs volver para revision'),
(228, '2022-07-11', 'Gastritis', 'Se le recetaron pastillas para la gastritis y dieta especial', 'Mantener la dieta por 2 meses'),
(229, '2022-10-01', 'Obesidad', 'Implementación de una dieta y programa de ejercicios', 'Cita de control en una semana'),
(230, '2022-03-10', 'Dermatitis Atópica', 'Se le receto shampoo para mantos delicados', 'Cita de control en dos semanas'),
(231, '2023-03-15', 'Mascota en buen estado', 'Revison mensual de manera general de la mascota', 'Mantener el estilo de vida de la mascota'),
(232, '2023-04-21', 'Fractura de la pata trasera derecha', 'Se le receto una crema desinflamante y reposo', 'Traer para revision en 2 dias'),
(233, '2022-05-16', 'Daño en todo el cuerpo', 'Se interno para mantenerlo en observaciones, cuidado intensivo', 'Mantener en observacion'),
(234, '2022-05-22', 'Movilidad Reducida', 'Mejoramiento de la dieta y ejercicios para mejorar fisico', 'Observacion constante'),
(235, '2022-07-15', 'Lesion en pata trasera', 'Se aplicaran sesiones de fisioterapia par mejorar', 'Cita de control semanal'),
(236, '2023-02-18', 'Fiebre', 'Antipiréticos y reposo', 'Vigilar la temperatura corporal'),
(237, '2023-03-20', 'Fractura de pata', 'Inmovilización y seguimiento', 'Revisar el estado de la fractura regularmente'),
(238, '2022-02-20', 'Hemorragia', 'Cirugia urgente', 'Ejecucion de la cirugia'),
(239, '2022-06-17', 'Gastritis', 'Antiácidos y dieta suave', 'No dar comida picante o irritante'),
(240, '2022-07-19', 'Parásitos intestinales', 'Desparasitantes y seguimiento', 'Administrar el tratamiento según las indicaciones del veterinario'),
(241, '2022-08-21', 'Problemas de comportamiento', 'Terapia de modificación de conducta', 'Seguir el plan de terapia para el dueño'),
(242, '2022-05-18', 'Infección de oído', 'limpieza profunda', 'Mantener el oído limpio y seco'),
(243, '2023-08-23', 'Mascota en buen estado', 'limpieza', 'ninguna'),
(244, '2023-01-02', 'Herida en la pata', 'Tratamiento con antibioticos y limpieza de la pata', 'Sin observaciones'),
(245, '2022-03-20', 'Tumor cerebral', 'cirugia de extirpacion de tumor', 'mantener al paciente observado'),
(246, '2022-05-30', 'Cirugia de castramiento', 'ejecucion de operacion', 'Sin observaciones, operacion exitosa pero se recetan antibioticos '),
(247, '2022-01-05', 'Gastritis', 'Tratamiento con antibioticos', 'El tratamiento complica las cosas');


#mascota
insert into mascota(idMascota, nombre, especie, raza, fecha_de_nacimiento, ciDueño) values
(100, 'sol', 'Perro', 'sharpey', '2022-08-13', 1328114),
(101, 'mandarino', 'Gato', 'mestizo', '2015-11-11', 9876540),
(102, 'milaneso', 'Gato', 'mestizo', '2019-01-16', 4132111),
(103, 'indestrutible', 'Gato', 'mestizo', '2019-02-24', 2567457),
(104, 'porkito', 'Cobaya', 'coronet', '2021-06-13', 2122121),
(105, 'luna', 'Perro', 'labrador', '2019-03-03', 2122121),
(106, 'sulu', 'Perro', 'rhodesian', '2017-10-10', 1321112),
(107, 'shira', 'Perro', 'rhodesian', '2018-03-26', 8888888),
(108, 'kratos', 'Perro', 'golden retriever', '2019-04-14', 9876540),
(109, 'linda', 'Perro', 'golden retriever', '2019-05-23', 2211161),
(110, 'Luna', 'Gato', 'Siames', '2021-05-20', 5555556),
(111, 'Rocky', 'Perro', 'Labrador', '2019-12-10', 9110555),
(112, 'Coco', 'Perro', 'Pomeranian', '2020-11-05', 8992179),
(113, 'Nina', 'Gato', 'Persa', '2022-03-17', 1234568),
(114, 'Rex', 'Perro', 'Bulldog', '2020-07-28', 9114566),
(115, 'Rex', 'Perro', 'Labrador Retriever', '2020-04-05', 4021781),
(116, 'Luna', 'Gato', 'Siames', '2017-09-15', 6962120),
(117, 'Bobby', 'Perro', 'Golden Retriever', '2019-01-16', 4984222),
(118, 'Nibbles', 'Gato', 'Persa', '2018-03-22', 9111112),
(119, 'Whiskers', 'Conejo', 'Mini lop', '2020-01-30', 5291354),
(120, 'Yogui', 'Perro', 'Mestizo', '2021-11-10', 3045707),
(121, 'Perla', 'Perro', 'Pitbul', '2010-07-21', 9110555),
(122, 'Bobi', 'Perro', 'Chihuahua', '2022-03-12', 8823456),
(123, 'Copito', 'Gato', 'Siberiano', '2019-11-23', 9110555),
(124, 'Sussy', 'Gato', 'Maine Coon', '2023-01-20', 8232343),
(125, 'Max', 'Perro', 'Golden Retriever', '2018-04-10', 4984222),
(126, 'Mia', 'Gato', 'Siamés', '2020-02-15', 3326514),
(127, 'Rocky', 'Perro', 'Labrador', '2017-07-20', 2579301),
(128, 'Bella', 'Gato', 'Persa', '2019-10-05', 4520158),
(129, 'Lucy', 'Perro', 'Poodle', '2016-06-30', 4601297),
(130, 'mimi', 'Perro', 'chihuahua', '2017-03-11', 4601297),
(131, 'dante', 'Gato', 'siames', '2020-10-31', 1597002),
(132, 'coki', 'Perro', 'border collie', '2023-05-05', 3326514),
(133, 'chimera', 'Perro', 'bichon maltes', '2021-07-10', 3991899),
(134, 'lily', 'Gato', 'persa', '2016-09-21', 1597002),
(135, 'Spiky', 'Perro', 'chapi', '2015-03-11', 4215512),
(136, 'Sherkan', 'Gato', 'persa', '2019-10-01', 3326514),
(137, 'Alvin', 'Perro', 'golden retriever', '2010-07-10', 3326514),
(138, 'Perlita', 'Perro', 'husky', '2018-11-10', 4132112),
(139, 'misifus', 'Gato', 'persa', '2021-03-16', 2321113),
(140, 'Rocky', 'Perro', 'Pastor Alemán', '2019-08-10', 2536993),
(141, 'Hopper', 'Conejo', 'Holandés Enano', '2019-02-14', 2415428),
(142, 'Coco', 'Perro', 'Chihuahua', '2020-03-12', 2664223),
(143, 'Smokey', 'Gato', 'Maine Coon', '2017-12-01', 2415428);

#provee
insert into provee(id_Producto, id_Proveedor, cantidad) values
(500, 600, 30),
(514, 616, 20),
(530, 601, 50),
(501, 603, 30),
(533, 604, 20),
(532, 605, 50),
(515, 602, 100),
(502, 600, 40),
(535, 606, 100),
(531, 601, 180),
(503, 608, 50), 
(534, 605, 20), 
(516, 609, 10),
(521, 603, 60),
(504, 601, 75),
(522, 604, 95),
(540, 602, 25), 
(523, 609, 14), 
(517, 600, 30),
(505, 607, 55),
(536, 606, 60),
(518, 611, 70),
(537, 604, 60),
(519, 608, 60),
(520, 601, 40),
(506, 605, 95),
(538, 602, 70),
(524, 611, 80),
(541, 610, 40),
(542, 603, 30),
(507, 609, 25),
(525, 612, 50),
(539, 616, 35),
(543, 601, 50),
(508, 612, 10),
(544, 611, 40),
(526, 612, 100),
(509, 603, 30),
(510, 613, 200),
(511, 613, 100),
(541, 610, 300),
(512, 610, 50),
(545, 610, 100),
(513, 603, 50),
(528, 607, 15),
(529, 606, 20),
(546, 610, 60),
(548, 614, 30),
(524, 606, 10),
(506, 610, 30),
(547, 607, 50),
(546, 615, 100),
(524, 615, 40),
(543, 610, 30);

#receta
insert into receta(id_Diagnostico, id_Producto) values
(202, 500),
(203, 525),
(204, 545),
(206, 547),
(207, 525),
(208, 548),
(209, 501),
(210, 511),
(211, 541),
(211, 516),
(212, 513),
(214, 510),
(215, 530), 
(216, 528),
(217, 506), 
(220, 508),
(220, 506),
(222, 538),
(223, 541),
(226, 533),
(227, 530),
(228, 540),
(230, 531),
(232, 530),
(235, 530),
(236, 524),
(239, 540),
(240, 532), 
(244, 511),
(246, 511),
(247, 540);


#atiende
insert into atiende(idMascota, ciMedico) values
(112, 6992978),
(113, 5213161),
(114, 7212511),
(115, 8216513),
(116, 9110555),
(117, 9391984),
(101, 5601297),
(118, 4020507),
(102, 5213161),
(132, 9110555),
(133, 6992978),
(103, 7212511),
(134, 8216513),
(135, 6304896),
(136, 9391984),
(104, 5213161),
(122, 8211162),
(137, 6992978),
(119, 8211162),
(105, 7212511),
(107, 5601297),
(121, 9321113),
(120, 9391984),
(107, 5213161),
(138, 6992978),
(139, 4020507),
(108, 8216513),
(123, 4122122),
(109, 7212511),
(110, 9391984),
(117, 5213161),
(110, 5601297),
(124, 6304896),
(118, 6992978),
(111, 7212511),
(126, 4020507),
(125, 8211162),
(127, 8211162),
(140, 6992978),
(124, 5213161),
(128, 4122122),
(129, 8216513),
(141, 8216513),
(130, 8216513),
(142, 9321113),
(131, 9110555),
(143, 6992978);





#asigna
insert into asigna(idMascota, ciMedico, id_Diagnostico) values
(100, 9110555, 200),
(102, 5213161, 212),
(110, 9391984, 213),
(112, 6992978, 214),
(100, 7212511, 201),
(118, 4020507, 211),
(109, 7212511, 208),
(129, 8216513, 209),
(115, 8216513, 231),
(128, 4122122, 202),
(101, 5601297, 210),
(130, 8216513, 217),
(119, 8211162, 230),
(127, 8211162, 216),
(131, 9110555, 218),
(120, 9391984, 215),
(132, 9110555, 203),
(107, 5213161, 206),
(113, 5213161, 207),
(111, 4020507, 223),
(133, 6992978, 229),
(125, 8211162, 204),
(103, 7212511, 224),
(126, 5213161, 232),
(116, 9110555, 226),
(121, 9321113, 225),
(135, 6304896, 219),
(122, 8211162, 220),
(117, 9391984, 234),
(104, 5213161, 227),
(134, 8216513, 235),
(114, 7212511, 205),
(136, 9391984, 228),
(123, 4122122, 236),
(139, 4020507, 237),
(138, 6992978, 221),
(140, 6992978, 222),
(137, 6992978, 238),
(141, 8216513, 239),
(105, 7212511, 233),
(124, 5213161, 240),
(143, 6992978, 241),
(142, 9321113, 243),
(101, 5601297, 244),
(106, 8216513, 242),
(104, 5213161, 245),
(101, 4020507, 246),
(108, 8216513, 247);